{
    "solution_component": "PB",
    "components": [
        "BI"
    ],
    "convert_fractional_to_volumetric_energy": true,
    "phases": {
        "HCP_A3": {
            "BI": {
                "k_well": 29898.139506089126,
                "c_min": 0.21839486810154948,
                "x0": 0.2
            },
            "f_min": -26231.19293840329,
            "mu_int": 1.1e-08,
            "D": 5.414808016577511e-19,
            "sigma": 0.1
        },
        "RHOMBO_A7_1": {
            "BI": {
                "k_well": 817372.7465991542,
                "c_min": 0.9887013511637909,
                "x0": 1.0
            },
            "f_min": -22389.58366229781,
            "mu_int": 1.1e-08,
            "D": 5.414808016577511e-19,
            "sigma": 0.1
        },
        "LIQUID": {
            "BI": {
                "k_well": 23690.51808982763,
                "c_min": 0.30107416008454924,
                "x0": 0.56
            },
            "f_min": -25480.57837023404,
            "mu_int": 1.1e-08,
            "D": 1.1e-09,
            "sigma": 0.1
        }
    },
    "l_int": 1e-09,
    "Vm": 2e-05,
    "order_parameters": [
        "HCP_A3",
        "RHOMBO_A7_1",
        "LIQUID"
    ],
    "dimensions": {
        "length_scale": 0.0,
        "time_scale": 0.0,
        "energy_density_scale": 0.0
    }
}