{
    "solution_component": "PB",
    "components": [
        "BI"
    ],
    "convert_fractional_to_volumetric_energy": true,
    "phases": {
        "HCP_A3": {
            "BI": {
                "k_well": 30028.48039532379,
                "c_min": 0.2210905619369549,
                "x0": 0.41700000000000165
            },
            "f_min": -26933.862736057774,
            "mu_int": 2e-10,
            "D": 1.1e-09,
            "sigma": 0.1
        },
        "RHOMBO_A7_1": {
            "BI": {
                "k_well": 688334.8218437397,
                "c_min": 0.9867055391017331,
                "x0": 0.9951509908015289
            },
            "f_min": -22978.36619139911,
            "mu_int": 2e-10,
            "D": 1.1e-09,
            "sigma": 0.1
        },
        "LIQUID": {
            "BI": {
                "k_well": 23976.069982147503,
                "c_min": 0.3050359433645561,
                "x0": 0.553
            },
            "f_min": -26268.070755939516,
            "mu_int": 2e-10,
            "D": 1.1e-09,
            "sigma": 0.1
        }
    },
    "l_int": 1e-07,
    "Vm": 2e-05,
    "order_parameters": [
        "HCP_A3",
        "RHOMBO_A7_1",
        "LIQUID"
    ],
    "dimensions": {
        "length_scale": 0.0,
        "time_scale": 0.0,
        "energy_density_scale": 0.0
    }
}