{
    "solution_component": "PB",
    "components": [
        "BI"
    ],
    "convert_fractional_to_volumetric_energy": true,
    "phases": {
        "HCP_A3": {
            "BI": {
                "k_well": 29787.470660447943,
                "c_min": 0.21595644127635835,
                "f_min": -25615.980938445544,
                "c0": 0.2
            },
            "mu_int": -1.0,
            "D": -1.0,
            "sigma": -1.0
        },
        "RHOMBO_A7_1": {
            "BI": {
                "k_well": 800513.9334938012,
                "c_min": 0.9890905603006129,
                "f_min": -21878.697686949046,
                "c0": 1.0
            },
            "mu_int": -1.0,
            "D": -1.0,
            "sigma": -1.0
        },
        "LIQUID": {
            "BI": {
                "k_well": 23400.295990007387,
                "c_min": 0.29706661757515795,
                "f_min": -24791.604063457213,
                "c0": 0.56
            },
            "mu_int": -1.0,
            "D": -1.0,
            "sigma": -1.0
        }
    },
    "l_int": -1.0,
    "Vm": 3.1e-05,
    "order_parameters": [
        "HCP_A3",
        "RHOMBO_A7_1",
        "LIQUID"
    ]
}