{
    "solution_component": "MoO3",
    "components": [
        "Fe2O3"
    ],
    "convert_fractional_to_volumetric_energy": true,
    "phases": {
        "Fe2O3": {
            "Fe2O3": {
                "k_well": 5000000.0,
                "c_min": 1.0,
                "x0": 1.0
            },
            "f_min": -958269.894158353,
            "mu_int": 1.0e-13,
            "D": 1.0e-20,
            "sigma": 1.0
        },
        "MoO3": {
            "Fe2O3": {
                "k_well": 5000000.0,
                "c_min": 0.0,
                "x0": 0.0
            },
            "f_min": -852705.700397085,
            "mu_int": 1.0e-13,
            "D": 1.0e-20,
            "sigma": 1.0
        },
        "Fe2MoO43": {
            "Fe2O3": {
                "k_well": 5000000.0,
                "c_min": 0.25,
                "x0": 0.25
            },
            "f_min": -916599.800159529,
            "mu_int": 1.0e-13,
            "D": 1.0e-20,
            "sigma": 0.5
        },
        "liquid": {
            "Fe2O3": {
                "k_well": 808277.7345692137,
                "c_min": 0.37286921350049135,
                "x0": 0.25
            },
            "f_min": -905829.3675827966,
            "mu_int": 1.0e-13,
            "D": 1.0e-13,
            "sigma": 0.5
        }
    },
    "l_int": 4.0e-10,
    "Vm": 3.1e-05,
    "order_parameters": [
        "Fe2O3",
        "MoO3",
        "liquid",
        "Fe2MoO43"
    ],
    "dimensions": {
        "length_scale": 0.0,
        "time_scale": 0.0,
        "energy_density_scale": 0.0
    }
}