{
    "solution_component": "PB",
    "components": [
        "BI"
    ],
    "convert_fractional_to_volumetric_energy": true,
    "phases": {
        "HCP_A3": {
            "BI": {
                "k_well": 29787.470660447943,
                "c_min": 0.21595644127635835,
                "x0": 0.2
            },
            "f_min": -25615.980938445544,
            "mu_int": 1.0999999999999999e-07,
            "D": 2.7600151748744785e-19,
            "sigma": 0.1
        },
        "RHOMBO_A7_1": {
            "BI": {
                "k_well": 800513.9334938012,
                "c_min": 0.9890905603006129,
                "x0": 1.0
            },
            "f_min": -21878.697686949046,
            "mu_int": 1.0999999999999999e-07,
            "D": 2.7600151748744785e-19,
            "sigma": 0.1
        },
        "LIQUID": {
            "BI": {
                "k_well": 23400.295990007387,
                "c_min": 0.29706661757515795,
                "x0": 0.56
            },
            "f_min": -24791.604063457213,
            "mu_int": 1.0999999999999999e-07,
            "D": 1.1e-09,
            "sigma": 0.1
        }
    },
    "l_int": 1e-09,
    "Vm": 2e-05,
    "order_parameters": [
        "HCP_A3",
        "RHOMBO_A7_1",
        "LIQUID"
    ],
    "dimensions": {
        "length_scale": 0.0,
        "time_scale": 0.0,
        "energy_density_scale": 0.0
    }
}