{
    "solution_component": "AL",
    "components": [
        "CU"
    ],
    "convert_fractional_to_volumetric_energy": true,
    "phases": {
        "AL2CU_1": {
            "CU": {
                "k_well": 902907.4495364926,
                "c_min": 0.37634935157990423,
                "x0": 0.32599673999999684
            },
            "f_min": -46873.04483692754,
            "mu_int": 2e-09,
            "D": 1.1e-11,
            "sigma": 0.2
        },
        "FCC_A1_0": {
            "CU": {
                "k_well": 170190.99899814313,
                "c_min": 0.29124264682723705,
                "x0": 0.02400000000000952
            },
            "f_min": -38078.143298671646,
            "mu_int": 2e-09,
            "D": 1.1e-11,
            "sigma": 0.2
        },
        "LIQUID": {
            "CU": {
                "k_well": 68647.51015075449,
                "c_min": 0.837255107071741,
                "x0": 0.177
            },
            "f_min": -53792.908273645946,
            "mu_int": 2e-09,
            "D": 1.1e-09,
            "sigma": 0.2
        }
    },
    "l_int": 1e-08,
    "Vm": 1e-05,
    "order_parameters": [
        "AL2CU_1",
        "FCC_A1_0",
        "LIQUID"
    ],
    "dimensions": {
        "length_scale": 0.0,
        "time_scale": 0.0,
        "energy_density_scale": 0.0
    }
}